Date_,Media,Campaign,Cost_,Install(Total)
2025-01-01,NAVER,naver_c0,164937,165
2025-01-01,NAVER,naver_c1,105470,130
2025-01-01,NAVER,naver_c2,100418,130
2025-01-01,GOOGLE,google_c0,361685,213
2025-01-01,GOOGLE,google_c1,198294,162
2025-01-01,META,meta_c0,207028,204
2025-01-01,META,meta_c1,198050,208
2025-01-01,KAKAO,kakao_c0,55193,118
2025-01-02,NAVER,naver_c0,85523,113
2025-01-02,NAVER,naver_c1,138245,149
2025-01-02,NAVER,naver_c2,163563,169
2025-01-02,GOOGLE,google_c0,234422,164
2025-01-02,GOOGLE,google_c1,205109,165
2025-01-02,META,meta_c0,97991,144
2025-01-02,META,meta_c1,134765,168
2025-01-02,KAKAO,kakao_c0,135363,188
2025-01-02,KAKAO,kakao_c1,98916,168
2025-01-03,NAVER,naver_c0,144415,162
2025-01-03,NAVER,naver_c1,153189,160
2025-01-03,GOOGLE,google_c0,256345,195
2025-01-03,META,meta_c0,257292,243
2025-01-03,META,meta_c1,157235,200
2025-01-03,KAKAO,kakao_c0,125409,182
2025-01-04,NAVER,naver_c0,178834,182
2025-01-04,NAVER,naver_c1,184146,185
2025-01-04,GOOGLE,google_c0,305604,216
2025-01-04,GOOGLE,google_c1,193695,168
2025-01-04,META,meta_c0,208485,216
2025-01-04,META,meta_c1,161380,194
2025-01-04,KAKAO,kakao_c0,129959,201
2025-01-04,KAKAO,kakao_c1,55882,124
2025-01-04,KAKAO,kakao_c2,121563,179
2025-01-05,NAVER,naver_c0,145136,174
2025-01-05,GOOGLE,google_c0,307450,212
2025-01-05,GOOGLE,google_c1,219285,179
2025-01-05,META,meta_c0,171465,203
2025-01-05,META,meta_c1,223506,233
2025-01-05,KAKAO,kakao_c0,93424,162
2025-01-06,NAVER,naver_c0,127821,165
2025-01-06,GOOGLE,google_c0,304424,215
2025-01-06,GOOGLE,google_c1,305698,214
2025-01-06,META,meta_c0,199640,227
2025-01-06,META,meta_c1,113940,171
2025-01-06,KAKAO,kakao_c0,43727,106
2025-01-07,NAVER,naver_c0,105004,147
2025-01-07,GOOGLE,google_c0,437063,256
2025-01-07,GOOGLE,google_c1,198005,176
2025-01-07,META,meta_c0,188240,219
2025-01-07,META,meta_c1,246831,254
2025-01-07,META,meta_c2,131088,183
2025-01-07,KAKAO,kakao_c0,101176,174
2025-01-07,KAKAO,kakao_c1,108661,181
2025-01-08,NAVER,naver_c0,159637,182
2025-01-08,NAVER,naver_c1,120449,157
2025-01-08,NAVER,naver_c2,50113,96
2025-01-08,GOOGLE,google_c0,280237,200
2025-01-08,GOOGLE,google_c1,320551,216
2025-01-08,GOOGLE,google_c2,313062,218
2025-01-08,META,meta_c0,208730,226
2025-01-08,META,meta_c1,283277,279
2025-01-08,META,meta_c2,195613,225
2025-01-08,KAKAO,kakao_c0,94671,170
2025-01-08,KAKAO,kakao_c1,136620,207
2025-01-09,NAVER,naver_c0,110335,149
2025-01-09,NAVER,naver_c1,86114,141
2025-01-09,NAVER,naver_c2,142296,177
2025-01-09,GOOGLE,google_c0,251110,197
2025-01-09,GOOGLE,google_c1,222776,186
2025-01-09,GOOGLE,google_c2,250663,199
2025-01-09,META,meta_c0,108095,165
2025-01-09,META,meta_c1,310271,283
2025-01-09,KAKAO,kakao_c0,64864,147
2025-01-09,KAKAO,kakao_c1,146909,212
2025-01-10,NAVER,naver_c0,118397,149
2025-01-10,NAVER,naver_c1,186746,198
2025-01-10,GOOGLE,google_c0,255953,200
2025-01-10,GOOGLE,google_c1,287899,213
2025-01-10,META,meta_c0,126116,177
2025-01-10,KAKAO,kakao_c0,144518,216
2025-01-10,KAKAO,kakao_c1,109723,190
2025-01-10,KAKAO,kakao_c2,85295,165
2025-01-11,NAVER,naver_c0,134907,168
2025-01-11,GOOGLE,google_c0,251852,208
2025-01-11,META,meta_c0,225507,243
2025-01-11,META,meta_c1,107869,175
2025-01-11,META,meta_c2,264430,265
2025-01-11,KAKAO,kakao_c0,118063,201
2025-01-12,NAVER,naver_c0,196069,201
2025-01-12,NAVER,naver_c1,225749,212
2025-01-12,NAVER,naver_c2,193086,204
2025-01-12,GOOGLE,google_c0,322802,238
2025-01-12,GOOGLE,google_c1,373704,240
2025-01-12,META,meta_c0,254459,256
2025-01-12,META,meta_c1,199173,235
2025-01-12,KAKAO,kakao_c0,45207,112
2025-01-12,KAKAO,kakao_c1,108643,189
2025-01-13,NAVER,naver_c0,151927,174
2025-01-13,NAVER,naver_c1,74325,124
2025-01-13,NAVER,naver_c2,101415,137
2025-01-13,GOOGLE,google_c0,292140,216
2025-01-13,GOOGLE,google_c1,283877,208
2025-01-13,GOOGLE,google_c2,195162,172
2025-01-13,META,meta_c0,213027,234
2025-01-13,KAKAO,kakao_c0,111869,193
2025-01-13,KAKAO,kakao_c1,167505,227
2025-01-13,KAKAO,kakao_c2,129597,205
2025-01-14,NAVER,naver_c0,77507,124
2025-01-14,GOOGLE,google_c0,311933,222
2025-01-14,META,meta_c0,180619,223
2025-01-14,META,meta_c1,198568,217
2025-01-14,META,meta_c2,153862,191
2025-01-14,KAKAO,kakao_c0,0,0
2025-01-15,NAVER,naver_c0,152356,170
2025-01-15,NAVER,naver_c1,102965,150
2025-01-15,GOOGLE,google_c0,263136,202
2025-01-15,META,meta_c0,202560,232
2025-01-15,META,meta_c1,236838,248
2025-01-15,KAKAO,kakao_c0,65238,146
2025-01-16,NAVER,naver_c0,204692,195
2025-01-16,NAVER,naver_c1,143119,168
2025-01-16,GOOGLE,google_c0,139613,154
2025-01-16,GOOGLE,google_c1,371701,235
2025-01-16,META,meta_c0,225245,225
2025-01-16,META,meta_c1,216693,233
2025-01-16,KAKAO,kakao_c0,102774,173
2025-01-16,KAKAO,kakao_c1,91022,167
2025-01-16,KAKAO,kakao_c2,139603,210
2025-01-17,NAVER,naver_c0,226448,206
2025-01-17,NAVER,naver_c1,130528,150
2025-01-17,GOOGLE,google_c0,380759,242
2025-01-17,META,meta_c0,244593,245
2025-01-17,META,meta_c1,214366,228
2025-01-17,META,meta_c2,186427,214
2025-01-17,KAKAO,kakao_c0,150394,216
2025-01-17,KAKAO,kakao_c1,98051,169
2025-01-17,KAKAO,kakao_c2,78833,162
2025-01-18,NAVER,naver_c0,153378,168
2025-01-18,NAVER,naver_c1,94547,133
2025-01-18,GOOGLE,google_c0,322805,213
2025-01-18,GOOGLE,google_c1,231063,181
2025-01-18,META,meta_c0,93799,148
2025-01-18,KAKAO,kakao_c0,71520,149
2025-01-18,KAKAO,kakao_c1,74313,150
2025-01-18,KAKAO,kakao_c2,150815,208
2025-01-19,NAVER,naver_c0,159572,170
2025-01-19,NAVER,naver_c1,100319,137
2025-01-19,GOOGLE,google_c0,417960,239
2025-01-19,GOOGLE,google_c1,233094,174
2025-01-19,META,meta_c0,116868,158
2025-01-19,KAKAO,kakao_c0,142656,196
2025-01-20,NAVER,naver_c0,226218,200
2025-01-20,NAVER,naver_c1,177670,185
2025-01-20,NAVER,naver_c2,140164,153
2025-01-20,GOOGLE,google_c0,137231,135
2025-01-20,META,meta_c0,263973,236
2025-01-20,META,meta_c1,142975,175
2025-01-20,META,meta_c2,219485,219
2025-01-20,KAKAO,kakao_c0,107148,172
2025-01-21,NAVER,naver_c0,147991,158
2025-01-21,NAVER,naver_c1,145802,158
2025-01-21,NAVER,naver_c2,243544,205
2025-01-21,GOOGLE,google_c0,254651,172
2025-01-21,GOOGLE,google_c1,282330,180
2025-01-21,META,meta_c0,256976,236
2025-01-21,KAKAO,kakao_c0,95002,149
2025-01-22,NAVER,naver_c0,116063,139
2025-01-22,NAVER,naver_c1,262887,206
2025-01-22,GOOGLE,google_c0,185057,145
2025-01-22,GOOGLE,google_c1,245325,172
2025-01-22,GOOGLE,google_c2,154040,138
2025-01-22,META,meta_c0,274140,241
2025-01-22,META,meta_c1,272317,232
2025-01-22,META,meta_c2,234301,217
2025-01-22,KAKAO,kakao_c0,87040,146
2025-01-22,KAKAO,kakao_c1,56676,112
2025-01-22,KAKAO,kakao_c2,126477,177
2025-01-23,NAVER,naver_c0,200086,166
2025-01-23,GOOGLE,google_c0,184656,148
2025-01-23,GOOGLE,google_c1,282675,180
2025-01-23,META,meta_c0,214026,198
2025-01-23,META,meta_c1,137949,168
2025-01-23,KAKAO,kakao_c0,115461,157
2025-01-23,KAKAO,kakao_c1,144924,189
2025-01-23,KAKAO,kakao_c2,144778,184
2025-01-24,NAVER,naver_c0,93677,130
2025-01-24,NAVER,naver_c1,141227,152
2025-01-24,GOOGLE,google_c0,196059,149
2025-01-24,GOOGLE,google_c1,110721,110
2025-01-24,GOOGLE,google_c2,331980,187
2025-01-24,META,meta_c0,222483,198
2025-01-24,META,meta_c1,166560,174
2025-01-24,META,meta_c2,196699,188
2025-01-24,KAKAO,kakao_c0,72424,127
2025-01-24,KAKAO,kakao_c1,65770,116
2025-01-25,NAVER,naver_c0,194144,158
2025-01-25,GOOGLE,google_c0,250292,161
2025-01-25,GOOGLE,google_c1,168571,139
2025-01-25,GOOGLE,google_c2,206819,157
2025-01-25,META,meta_c0,225767,199
2025-01-25,KAKAO,kakao_c0,74866,131
2025-01-25,KAKAO,kakao_c1,94834,147
2025-01-25,KAKAO,kakao_c2,98424,142
2025-01-26,NAVER,naver_c0,152598,148
2025-01-26,GOOGLE,google_c0,174478,134
2025-01-26,GOOGLE,google_c1,106510,108
2025-01-26,GOOGLE,google_c2,159876,120
2025-01-26,META,meta_c0,205629,193
2025-01-26,META,meta_c1,98370,124
2025-01-26,META,meta_c2,150448,155
2025-01-26,KAKAO,kakao_c0,112648,150
2025-01-27,NAVER,naver_c0,179165,149
2025-01-27,GOOGLE,google_c0,286065,164
2025-01-27,META,meta_c0,77637,122
2025-01-27,KAKAO,kakao_c0,89325,136
2025-01-27,KAKAO,kakao_c1,98965,143
2025-01-28,NAVER,naver_c0,245411,170
2025-01-28,GOOGLE,google_c0,120211,103
2025-01-28,GOOGLE,google_c1,138774,119
2025-01-28,GOOGLE,google_c2,318365,170
2025-01-28,META,meta_c0,176347,174
2025-01-28,KAKAO,kakao_c0,6014,37
2025-01-28,KAKAO,kakao_c1,64141,117
2025-01-29,NAVER,naver_c0,135729,121
2025-01-29,NAVER,naver_c1,101137,118
2025-01-29,GOOGLE,google_c0,318382,171
2025-01-29,GOOGLE,google_c1,177486,119
2025-01-29,GOOGLE,google_c2,217195,142
2025-01-29,META,meta_c0,193747,167
2025-01-29,KAKAO,kakao_c0,97791,136
2025-01-29,KAKAO,kakao_c1,143019,175
2025-01-30,NAVER,naver_c0,111685,115
2025-01-30,NAVER,naver_c1,119619,116
2025-01-30,GOOGLE,google_c0,245112,144
2025-01-30,META,meta_c0,193072,172
2025-01-30,META,meta_c1,187804,165
2025-01-30,META,meta_c2,136803,143
2025-01-30,KAKAO,kakao_c0,81708,125
2025-01-31,NAVER,naver_c0,81885,98
2025-01-31,NAVER,naver_c1,82857,95
2025-01-31,GOOGLE,google_c0,225471,132
2025-01-31,GOOGLE,google_c1,257626,153
2025-01-31,GOOGLE,google_c2,236831,144
2025-01-31,META,meta_c0,134897,140
2025-01-31,META,meta_c1,163159,156
2025-01-31,META,meta_c2,119724,134
2025-01-31,KAKAO,kakao_c0,104774,138
2025-02-01,NAVER,naver_c0,177617,135
2025-02-01,NAVER,naver_c1,173023,143
2025-02-01,NAVER,naver_c2,164169,140
2025-02-01,GOOGLE,google_c0,195530,130
2025-02-01,GOOGLE,google_c1,303088,166
2025-02-01,GOOGLE,google_c2,267226,146
2025-02-01,META,meta_c0,277965,207
2025-02-01,META,meta_c1,215592,170
2025-02-01,KAKAO,kakao_c0,131418,154
2025-02-01,KAKAO,kakao_c1,15583,55
2025-02-01,KAKAO,kakao_c2,50261,89
2025-02-02,NAVER,naver_c0,213630,155
2025-02-02,NAVER,naver_c1,163550,146
2025-02-02,NAVER,naver_c2,229701,162
2025-02-02,GOOGLE,google_c0,229873,136
2025-02-02,GOOGLE,google_c1,192128,133
2025-02-02,META,meta_c0,207349,179
2025-02-02,META,meta_c1,148509,147
2025-02-02,META,meta_c2,248750,194
2025-02-02,KAKAO,kakao_c0,135698,159
2025-02-02,KAKAO,kakao_c1,89687,129
2025-02-02,KAKAO,kakao_c2,66580,101
2025-02-03,NAVER,naver_c0,147243,132
2025-02-03,GOOGLE,google_c0,108526,96
2025-02-03,GOOGLE,google_c1,200012,129
2025-02-03,META,meta_c0,177675,166
2025-02-03,META,meta_c1,225400,179
2025-02-03,META,meta_c2,199008,175
2025-02-03,KAKAO,kakao_c0,7986,37
2025-02-04,NAVER,naver_c0,184106,155
2025-02-04,NAVER,naver_c1,206752,157
2025-02-04,GOOGLE,google_c0,275165,161
2025-02-04,META,meta_c0,197321,176
2025-02-04,META,meta_c1,330496,221
2025-02-04,META,meta_c2,196773,172
2025-02-04,KAKAO,kakao_c0,144773,163
2025-02-05,NAVER,naver_c0,101667,109
2025-02-05,NAVER,naver_c1,140092,133
2025-02-05,GOOGLE,google_c0,337105,168
2025-02-05,GOOGLE,google_c1,173740,128
2025-02-05,GOOGLE,google_c2,195109,126
2025-02-05,META,meta_c0,232931,190
2025-02-05,META,meta_c1,168304,165
2025-02-05,KAKAO,kakao_c0,92001,136
2025-02-05,KAKAO,kakao_c1,69611,110
2025-02-06,NAVER,naver_c0,114883,122
2025-02-06,NAVER,naver_c1,163004,137
2025-02-06,GOOGLE,google_c0,256072,153
2025-02-06,META,meta_c0,214253,187
2025-02-06,META,meta_c1,157830,154
2025-02-06,KAKAO,kakao_c0,140375,175
2025-02-07,NAVER,naver_c0,153161,140
2025-02-07,NAVER,naver_c1,226673,168
2025-02-07,NAVER,naver_c2,101183,113
2025-02-07,GOOGLE,google_c0,287626,162
2025-02-07,GOOGLE,google_c1,112814,97
2025-02-07,GOOGLE,google_c2,305452,168
2025-02-07,META,meta_c0,214171,188
2025-02-07,META,meta_c1,177673,171
2025-02-07,META,meta_c2,140663,148
2025-02-07,KAKAO,kakao_c0,65853,119
2025-02-07,KAKAO,kakao_c1,99097,136
2025-02-08,NAVER,naver_c0,138914,138
2025-02-08,GOOGLE,google_c0,117030,103
2025-02-08,GOOGLE,google_c1,218491,160
2025-02-08,GOOGLE,google_c2,329640,181
2025-02-08,META,meta_c0,337162,235
2025-02-08,META,meta_c1,175572,176
2025-02-08,META,meta_c2,232945,199
2025-02-08,KAKAO,kakao_c0,83059,140
2025-02-08,KAKAO,kakao_c1,156986,182
2025-02-09,NAVER,naver_c0,48637,84
2025-02-09,NAVER,naver_c1,140295,140
2025-02-09,GOOGLE,google_c0,306872,177
2025-02-09,META,meta_c0,224525,192
2025-02-09,META,meta_c1,177987,171
2025-02-09,KAKAO,kakao_c0,88614,125
2025-02-09,KAKAO,kakao_c1,140565,174
2025-02-10,NAVER,naver_c0,248992,187
2025-02-10,NAVER,naver_c1,59878,87
2025-02-10,NAVER,naver_c2,89655,110
2025-02-10,GOOGLE,google_c0,256637,156
2025-02-10,GOOGLE,google_c1,278540,166
2025-02-10,META,meta_c0,192701,184
2025-02-10,META,meta_c1,195130,184
2025-02-10,KAKAO,kakao_c0,79584,124
2025-02-10,KAKAO,kakao_c1,99012,157
2025-02-11,NAVER,naver_c0,216091,182
2025-02-11,GOOGLE,google_c0,193627,155
2025-02-11,GOOGLE,google_c1,245323,166
2025-02-11,META,meta_c0,206131,194
2025-02-11,KAKAO,kakao_c0,97207,144
2025-02-11,KAKAO,kakao_c1,87545,153
2025-02-12,NAVER,naver_c0,138067,148
2025-02-12,NAVER,naver_c1,185406,163
2025-02-12,GOOGLE,google_c0,232737,170
2025-02-12,META,meta_c0,208130,209
2025-02-12,META,meta_c1,154815,174
2025-02-12,META,meta_c2,165329,187
2025-02-12,KAKAO,kakao_c0,34938,88
2025-02-12,KAKAO,kakao_c1,82361,144
2025-02-13,NAVER,naver_c0,219760,180
2025-02-13,NAVER,naver_c1,187524,172
2025-02-13,GOOGLE,google_c0,194531,157
2025-02-13,GOOGLE,google_c1,173322,135
2025-02-13,GOOGLE,google_c2,219148,156
2025-02-13,META,meta_c0,224770,215
2025-02-13,META,meta_c1,305793,248
2025-02-13,KAKAO,kakao_c0,48889,107
2025-02-13,KAKAO,kakao_c1,69354,126
2025-02-14,NAVER,naver_c0,117738,130
2025-02-14,NAVER,naver_c1,184846,175
2025-02-14,GOOGLE,google_c0,279736,190
2025-02-14,GOOGLE,google_c1,302638,197
2025-02-14,GOOGLE,google_c2,353017,215
2025-02-14,META,meta_c0,227324,212
2025-02-14,META,meta_c1,189024,199
2025-02-14,KAKAO,kakao_c0,106918,160
2025-02-14,KAKAO,kakao_c1,154470,201
2025-02-14,KAKAO,kakao_c2,59623,116
2025-02-15,NAVER,naver_c0,145516,156
2025-02-15,NAVER,naver_c1,154606,161
2025-02-15,NAVER,naver_c2,177583,172
2025-02-15,GOOGLE,google_c0,246792,186
2025-02-15,GOOGLE,google_c1,464306,244
2025-02-15,GOOGLE,google_c2,211291,164
2025-02-15,META,meta_c0,123460,162
2025-02-15,KAKAO,kakao_c0,99013,159
2025-02-16,NAVER,naver_c0,126219,141
2025-02-16,GOOGLE,google_c0,129543,132
2025-02-16,GOOGLE,google_c1,262353,190
2025-02-16,GOOGLE,google_c2,102169,117
2025-02-16,META,meta_c0,237058,232
2025-02-16,KAKAO,kakao_c0,70421,144
2025-02-16,KAKAO,kakao_c1,80702,145
2025-02-17,NAVER,naver_c0,222417,205
2025-02-17,NAVER,naver_c1,207962,195
2025-02-17,NAVER,naver_c2,196907,189
2025-02-17,GOOGLE,google_c0,236881,197
2025-02-17,META,meta_c0,166589,198
2025-02-17,META,meta_c1,221748,235
2025-02-17,KAKAO,kakao_c0,83696,148
2025-02-17,KAKAO,kakao_c1,90679,163
2025-02-17,KAKAO,kakao_c2,103651,181
2025-02-18,NAVER,naver_c0,190646,186
2025-02-18,GOOGLE,google_c0,322325,229
2025-02-18,META,meta_c0,216904,231
2025-02-18,META,meta_c1,319143,275
2025-02-18,KAKAO,kakao_c0,96297,173
2025-02-18,KAKAO,kakao_c1,124800,192
2025-02-18,KAKAO,kakao_c2,110244,181
2025-02-19,NAVER,naver_c0,143395,163
2025-02-19,GOOGLE,google_c0,248241,199
2025-02-19,META,meta_c0,183927,218
2025-02-19,META,meta_c1,128676,181
2025-02-19,META,meta_c2,129325,186
2025-02-19,KAKAO,kakao_c0,177094,244
2025-02-19,KAKAO,kakao_c1,92694,173
2025-02-19,KAKAO,kakao_c2,104033,180
2025-02-20,NAVER,naver_c0,84041,136
2025-02-20,NAVER,naver_c1,147551,180
2025-02-20,NAVER,naver_c2,159362,177
2025-02-20,GOOGLE,google_c0,273095,210
2025-02-20,GOOGLE,google_c1,252980,201
2025-02-20,META,meta_c0,57741,126
2025-02-20,KAKAO,kakao_c0,123305,199
2025-02-21,NAVER,naver_c0,201815,202
2025-02-21,GOOGLE,google_c0,191122,173
2025-02-21,GOOGLE,google_c1,349091,228
2025-02-21,META,meta_c0,157383,197
2025-02-21,META,meta_c1,284004,272
2025-02-21,META,meta_c2,113318,170
2025-02-21,KAKAO,kakao_c0,131035,212
2025-02-21,KAKAO,kakao_c1,85763,168
2025-02-21,KAKAO,kakao_c2,123803,197
2025-02-22,NAVER,naver_c0,148406,174
2025-02-22,GOOGLE,google_c0,208988,183
2025-02-22,META,meta_c0,162301,205
2025-02-22,META,meta_c1,274222,271
2025-02-22,META,meta_c2,259006,268
2025-02-22,KAKAO,kakao_c0,119628,209
2025-02-22,KAKAO,kakao_c1,72490,158
2025-02-23,NAVER,naver_c0,242789,235
2025-02-23,NAVER,naver_c1,52289,100
2025-02-23,GOOGLE,google_c0,305359,226
2025-02-23,META,meta_c0,195276,231
2025-02-23,META,meta_c1,243535,255
2025-02-23,META,meta_c2,268487,257
2025-02-23,KAKAO,kakao_c0,121126,195
2025-02-23,KAKAO,kakao_c1,131956,207
2025-02-24,NAVER,naver_c0,168695,184
2025-02-24,NAVER,naver_c1,104362,141
2025-02-24,GOOGLE,google_c0,247774,203
2025-02-24,GOOGLE,google_c1,335252,232
2025-02-24,GOOGLE,google_c2,337321,234
2025-02-24,META,meta_c0,238238,258
2025-02-24,META,meta_c1,177238,217
2025-02-24,KAKAO,kakao_c0,94639,177
2025-02-25,NAVER,naver_c0,201400,204
2025-02-25,NAVER,naver_c1,173122,187
2025-02-25,NAVER,naver_c2,167940,190
2025-02-25,GOOGLE,google_c0,214943,196
2025-02-25,META,meta_c0,318462,296
2025-02-25,META,meta_c1,155848,202
2025-02-25,META,meta_c2,229073,248
2025-02-25,KAKAO,kakao_c0,101649,182
2025-02-25,KAKAO,kakao_c1,39717,113
2025-02-25,KAKAO,kakao_c2,26063,95
2025-02-26,NAVER,naver_c0,114229,154
2025-02-26,NAVER,naver_c1,163634,178
2025-02-26,NAVER,naver_c2,62570,109
2025-02-26,GOOGLE,google_c0,79856,108
2025-02-26,META,meta_c0,129561,189
2025-02-26,META,meta_c1,108558,171
2025-02-26,KAKAO,kakao_c0,89342,171
2025-02-27,NAVER,naver_c0,237812,223
2025-02-27,GOOGLE,google_c0,260363,198
2025-02-27,GOOGLE,google_c1,298612,216
2025-02-27,META,meta_c0,197086,236
2025-02-27,META,meta_c1,67806,132
2025-02-27,KAKAO,kakao_c0,129383,203
2025-02-27,KAKAO,kakao_c1,73594,153
2025-02-27,KAKAO,kakao_c2,54002,133
2025-02-28,NAVER,naver_c0,207252,199
2025-02-28,NAVER,naver_c1,106333,145
2025-02-28,GOOGLE,google_c0,333701,224
2025-02-28,GOOGLE,google_c1,192481,177
2025-02-28,GOOGLE,google_c2,322054,222
2025-02-28,META,meta_c0,96684,154
2025-02-28,KAKAO,kakao_c0,25649,94
2025-02-28,KAKAO,kakao_c1,78999,161
2025-02-28,KAKAO,kakao_c2,162277,233
2025-03-01,NAVER,naver_c0,193462,202
2025-03-01,NAVER,naver_c1,112682,145
2025-03-01,NAVER,naver_c2,144515,161
2025-03-01,GOOGLE,google_c0,372561,226
2025-03-01,GOOGLE,google_c1,157766,153
2025-03-01,META,meta_c0,211075,231
2025-03-01,KAKAO,kakao_c0,92880,175
2025-03-02,NAVER,naver_c0,149992,166
2025-03-02,GOOGLE,google_c0,261043,197
2025-03-02,META,meta_c0,157270,200
2025-03-02,KAKAO,kakao_c0,111635,180
2025-03-03,NAVER,naver_c0,265459,215
2025-03-03,NAVER,naver_c1,165090,188
2025-03-03,NAVER,naver_c2,189195,189
2025-03-03,GOOGLE,google_c0,232662,180
2025-03-03,GOOGLE,google_c1,232290,180
2025-03-03,META,meta_c0,173456,200
2025-03-03,META,meta_c1,119856,168
2025-03-03,META,meta_c2,140392,181
2025-03-03,KAKAO,kakao_c0,134727,200
2025-03-04,NAVER,naver_c0,167805,174
2025-03-04,NAVER,naver_c1,143634,159
2025-03-04,NAVER,naver_c2,187956,179
2025-03-04,GOOGLE,google_c0,361727,224
2025-03-04,GOOGLE,google_c1,187608,159
2025-03-04,GOOGLE,google_c2,193584,164
2025-03-04,META,meta_c0,276142,247
2025-03-04,META,meta_c1,48499,102
2025-03-04,KAKAO,kakao_c0,33049,96
2025-03-04,KAKAO,kakao_c1,135305,199
2025-03-05,NAVER,naver_c0,111887,148
2025-03-05,NAVER,naver_c1,165926,170
2025-03-05,NAVER,naver_c2,202803,200
2025-03-05,GOOGLE,google_c0,358048,219
2025-03-05,GOOGLE,google_c1,279557,196
2025-03-05,GOOGLE,google_c2,198942,157
2025-03-05,META,meta_c0,136853,173
2025-03-05,META,meta_c1,206408,225
2025-03-05,META,meta_c2,143263,177
2025-03-05,KAKAO,kakao_c0,94523,162
2025-03-05,KAKAO,kakao_c1,134891,189
2025-03-05,KAKAO,kakao_c2,72622,132
2025-03-06,NAVER,naver_c0,176822,172
2025-03-06,NAVER,naver_c1,99228,127
2025-03-06,NAVER,naver_c2,151574,161
2025-03-06,GOOGLE,google_c0,200550,159
2025-03-06,GOOGLE,google_c1,98464,106
2025-03-06,GOOGLE,google_c2,384810,211
2025-03-06,META,meta_c0,214613,211
2025-03-06,KAKAO,kakao_c0,73061,138
2025-03-07,NAVER,naver_c0,145894,143
2025-03-07,NAVER,naver_c1,142630,147
2025-03-07,GOOGLE,google_c0,204355,159
2025-03-07,META,meta_c0,259785,227
2025-03-07,META,meta_c1,261600,236
2025-03-07,KAKAO,kakao_c0,137888,193
2025-03-07,KAKAO,kakao_c1,95144,153
2025-03-07,KAKAO,kakao_c2,127502,172
2025-03-08,NAVER,naver_c0,123472,136
2025-03-08,GOOGLE,google_c0,104874,106
2025-03-08,GOOGLE,google_c1,248292,175
2025-03-08,META,meta_c0,194645,193
2025-03-08,KAKAO,kakao_c0,72311,134
2025-03-09,NAVER,naver_c0,133583,143
2025-03-09,NAVER,naver_c1,237584,186
2025-03-09,NAVER,naver_c2,75132,101
2025-03-09,GOOGLE,google_c0,128488,114
2025-03-09,GOOGLE,google_c1,358773,202
2025-03-09,GOOGLE,google_c2,123319,121
2025-03-09,META,meta_c0,176008,177
2025-03-09,META,meta_c1,177508,183
2025-03-09,KAKAO,kakao_c0,121332,173
2025-03-10,NAVER,naver_c0,209270,178
2025-03-10,NAVER,naver_c1,183069,153
2025-03-10,GOOGLE,google_c0,239086,162
2025-03-10,GOOGLE,google_c1,218073,158
2025-03-10,GOOGLE,google_c2,219982,149
2025-03-10,META,meta_c0,244400,210
2025-03-10,META,meta_c1,261781,221
2025-03-10,KAKAO,kakao_c0,111368,144
2025-03-10,KAKAO,kakao_c1,77480,128
2025-03-10,KAKAO,kakao_c2,67193,122
2025-03-11,NAVER,naver_c0,125755,125
2025-03-11,NAVER,naver_c1,251402,182
2025-03-11,GOOGLE,google_c0,147253,125
2025-03-11,GOOGLE,google_c1,285474,168
2025-03-11,META,meta_c0,167512,165
2025-03-11,META,meta_c1,211906,194
2025-03-11,KAKAO,kakao_c0,78872,131
2025-03-11,KAKAO,kakao_c1,96884,157
2025-03-12,NAVER,naver_c0,219209,169
2025-03-12,NAVER,naver_c1,143662,140
2025-03-12,NAVER,naver_c2,194700,165
2025-03-12,GOOGLE,google_c0,277388,163
2025-03-12,META,meta_c0,233977,199
2025-03-12,KAKAO,kakao_c0,146602,175
2025-03-12,KAKAO,kakao_c1,135339,173
2025-03-13,NAVER,naver_c0,75722,92
2025-03-13,GOOGLE,google_c0,130183,120
2025-03-13,GOOGLE,google_c1,179383,138
2025-03-13,META,meta_c0,314351,229
2025-03-13,KAKAO,kakao_c0,96588,137
2025-03-13,KAKAO,kakao_c1,102839,143
2025-03-14,NAVER,naver_c0,148369,143
2025-03-14,NAVER,naver_c1,64893,90
2025-03-14,GOOGLE,google_c0,174421,129
2025-03-14,GOOGLE,google_c1,319988,173
2025-03-14,GOOGLE,google_c2,314416,163
2025-03-14,META,meta_c0,159791,160
2025-03-14,META,meta_c1,212163,168
2025-03-14,KAKAO,kakao_c0,74798,121
2025-03-14,KAKAO,kakao_c1,151799,172
2025-03-15,NAVER,naver_c0,79366,104
2025-03-15,NAVER,naver_c1,240354,169
2025-03-15,NAVER,naver_c2,139012,121
2025-03-15,GOOGLE,google_c0,323610,185
2025-03-15,GOOGLE,google_c1,309759,174
2025-03-15,GOOGLE,google_c2,295174,159
2025-03-15,META,meta_c0,117695,132
2025-03-15,META,meta_c1,218590,186
2025-03-15,KAKAO,kakao_c0,113866,148
2025-03-15,KAKAO,kakao_c1,74617,111
2025-03-15,KAKAO,kakao_c2,102049,134
2025-03-16,NAVER,naver_c0,86703,98
2025-03-16,GOOGLE,google_c0,95618,86
2025-03-16,GOOGLE,google_c1,113739,102
2025-03-16,GOOGLE,google_c2,283999,170
2025-03-16,META,meta_c0,154694,156
2025-03-16,META,meta_c1,185548,164
2025-03-16,META,meta_c2,313945,214
2025-03-16,KAKAO,kakao_c0,61460,100
2025-03-16,KAKAO,kakao_c1,111190,144
2025-03-17,NAVER,naver_c0,100730,111
2025-03-17,GOOGLE,google_c0,298106,159
2025-03-17,GOOGLE,google_c1,301851,167
2025-03-17,META,meta_c0,179196,164
2025-03-17,META,meta_c1,161795,143
2025-03-17,META,meta_c2,181132,167
2025-03-17,KAKAO,kakao_c0,152680,155
2025-03-18,NAVER,naver_c0,93643,109
2025-03-18,GOOGLE,google_c0,352850,182
2025-03-18,GOOGLE,google_c1,262468,147
2025-03-18,GOOGLE,google_c2,302213,160
2025-03-18,META,meta_c0,388593,242
2025-03-18,META,meta_c1,321205,212
2025-03-18,KAKAO,kakao_c0,148917,172
2025-03-18,KAKAO,kakao_c1,151818,165
2025-03-19,NAVER,naver_c0,141134,117
2025-03-19,NAVER,naver_c1,64899,87
2025-03-19,GOOGLE,google_c0,167383,121
2025-03-19,META,meta_c0,328715,226
2025-03-19,META,meta_c1,197008,176
2025-03-19,META,meta_c2,148019,146
2025-03-19,KAKAO,kakao_c0,130341,148
2025-03-19,KAKAO,kakao_c1,90701,122
2025-03-19,KAKAO,kakao_c2,103916,145
2025-03-20,NAVER,naver_c0,161294,133
2025-03-20,NAVER,naver_c1,92523,98
2025-03-20,NAVER,naver_c2,222738,173
2025-03-20,GOOGLE,google_c0,290254,158
2025-03-20,GOOGLE,google_c1,308741,165
2025-03-20,GOOGLE,google_c2,316783,170
2025-03-20,META,meta_c0,240485,186
2025-03-20,META,meta_c1,173042,152
2025-03-20,META,meta_c2,170542,152
2025-03-20,KAKAO,kakao_c0,95177,127
2025-03-21,NAVER,naver_c0,172662,136
2025-03-21,NAVER,naver_c1,109336,110
2025-03-21,NAVER,naver_c2,187325,158
2025-03-21,GOOGLE,google_c0,320961,170
2025-03-21,META,meta_c0,99059,130
2025-03-21,META,meta_c1,156252,140
2025-03-21,KAKAO,kakao_c0,188360,195
2025-03-21,KAKAO,kakao_c1,65604,111
2025-03-22,NAVER,naver_c0,155111,130
2025-03-22,GOOGLE,google_c0,193209,137
2025-03-22,META,meta_c0,279949,209
2025-03-22,KAKAO,kakao_c0,178307,181
2025-03-22,KAKAO,kakao_c1,108644,134
2025-03-22,KAKAO,kakao_c2,58229,112
2025-03-23,NAVER,naver_c0,176534,149
2025-03-23,GOOGLE,google_c0,162954,124
2025-03-23,META,meta_c0,167509,167
2025-03-23,META,meta_c1,243490,194
2025-03-23,META,meta_c2,139526,151
2025-03-23,KAKAO,kakao_c0,96666,143
2025-03-24,NAVER,naver_c0,192146,158
2025-03-24,GOOGLE,google_c0,235663,149
2025-03-24,GOOGLE,google_c1,174444,127
2025-03-24,META,meta_c0,171524,172
2025-03-24,KAKAO,kakao_c0,86700,132
2025-03-24,KAKAO,kakao_c1,59391,118
2025-03-24,KAKAO,kakao_c2,116900,163
2025-03-25,NAVER,naver_c0,224482,173
2025-03-25,NAVER,naver_c1,185858,172
2025-03-25,GOOGLE,google_c0,148039,130
2025-03-25,GOOGLE,google_c1,391495,203
2025-03-25,META,meta_c0,285309,218
2025-03-25,META,meta_c1,227827,193
2025-03-25,KAKAO,kakao_c0,76958,124
2025-03-26,NAVER,naver_c0,157489,151
2025-03-26,NAVER,naver_c1,77455,115
2025-03-26,GOOGLE,google_c0,348627,198
2025-03-26,GOOGLE,google_c1,219456,153
2025-03-26,META,meta_c0,228096,193
2025-03-26,META,meta_c1,250619,226
2025-03-26,META,meta_c2,73781,120
2025-03-26,KAKAO,kakao_c0,112617,157
2025-03-27,NAVER,naver_c0,89320,115
2025-03-27,NAVER,naver_c1,225098,181
2025-03-27,GOOGLE,google_c0,214228,156
2025-03-27,GOOGLE,google_c1,211937,162
2025-03-27,META,meta_c0,259795,213
2025-03-27,META,meta_c1,245838,213
2025-03-27,KAKAO,kakao_c0,11495,51
2025-03-27,KAKAO,kakao_c1,63441,118
2025-03-27,KAKAO,kakao_c2,152718,182
2025-03-28,NAVER,naver_c0,224044,186
2025-03-28,NAVER,naver_c1,229237,189
2025-03-28,GOOGLE,google_c0,174411,143
2025-03-28,META,meta_c0,264500,227
2025-03-28,META,meta_c1,203343,198
2025-03-28,KAKAO,kakao_c0,80178,149
2025-03-28,KAKAO,kakao_c1,100246,149
2025-03-29,NAVER,naver_c0,187341,177
2025-03-29,NAVER,naver_c1,142950,148
2025-03-29,NAVER,naver_c2,151229,147
2025-03-29,GOOGLE,google_c0,138463,134
2025-03-29,GOOGLE,google_c1,208936,162
2025-03-29,META,meta_c0,244527,223
2025-03-29,META,meta_c1,345865,268
2025-03-29,KAKAO,kakao_c0,87851,152
2025-03-29,KAKAO,kakao_c1,113978,165
2025-03-30,NAVER,naver_c0,141519,144
2025-03-30,NAVER,naver_c1,141137,152
2025-03-30,GOOGLE,google_c0,212447,156
2025-03-30,META,meta_c0,197280,205
2025-03-30,META,meta_c1,122176,164
2025-03-30,META,meta_c2,116689,156
2025-03-30,KAKAO,kakao_c0,144722,191
2025-03-30,KAKAO,kakao_c1,82500,152
2025-03-30,KAKAO,kakao_c2,86843,149
2025-03-31,NAVER,naver_c0,203921,177
2025-03-31,NAVER,naver_c1,107441,132
2025-03-31,NAVER,naver_c2,94279,124
2025-03-31,GOOGLE,google_c0,178204,156
2025-03-31,GOOGLE,google_c1,173989,153
2025-03-31,GOOGLE,google_c2,284285,191
2025-03-31,META,meta_c0,311835,264
2025-03-31,KAKAO,kakao_c0,78234,146
2025-04-01,NAVER,naver_c0,163857,177
2025-04-01,GOOGLE,google_c0,180171,157
2025-04-01,META,meta_c0,166101,196
2025-04-01,META,meta_c1,130258,168
2025-04-01,META,meta_c2,165102,205
2025-04-01,KAKAO,kakao_c0,86365,154
2025-04-01,KAKAO,kakao_c1,81227,151
2025-04-02,NAVER,naver_c0,159475,183
2025-04-02,NAVER,naver_c1,160690,181
2025-04-02,NAVER,naver_c2,163836,178
2025-04-02,GOOGLE,google_c0,129700,136
2025-04-02,GOOGLE,google_c1,244254,186
2025-04-02,GOOGLE,google_c2,70593,105
2025-04-02,META,meta_c0,170795,200
2025-04-02,META,meta_c1,184795,211
2025-04-02,KAKAO,kakao_c0,57632,125
2025-04-03,NAVER,naver_c0,157279,172
2025-04-03,NAVER,naver_c1,121304,149
2025-04-03,NAVER,naver_c2,147082,174
2025-04-03,GOOGLE,google_c0,161829,162
2025-04-03,META,meta_c0,169802,208
2025-04-03,META,meta_c1,102273,149
2025-04-03,KAKAO,kakao_c0,57007,129
2025-04-03,KAKAO,kakao_c1,89153,161
2025-04-04,NAVER,naver_c0,43242,95
2025-04-04,NAVER,naver_c1,79035,122
2025-04-04,NAVER,naver_c2,129357,154
2025-04-04,GOOGLE,google_c0,135750,139
2025-04-04,META,meta_c0,239332,248
2025-04-04,META,meta_c1,133701,179
2025-04-04,META,meta_c2,138626,189
2025-04-04,KAKAO,kakao_c0,32086,106
2025-04-04,KAKAO,kakao_c1,83840,157
2025-04-05,NAVER,naver_c0,201631,204
2025-04-05,NAVER,naver_c1,202637,204
2025-04-05,NAVER,naver_c2,211482,213
2025-04-05,GOOGLE,google_c0,241710,201
2025-04-05,GOOGLE,google_c1,263728,203
2025-04-05,META,meta_c0,180748,219
2025-04-05,META,meta_c1,112490,173
2025-04-05,KAKAO,kakao_c0,111621,190
2025-04-05,KAKAO,kakao_c1,26450,91
2025-04-05,KAKAO,kakao_c2,121609,193
2025-04-06,NAVER,naver_c0,31096,84
2025-04-06,NAVER,naver_c1,116878,160
2025-04-06,GOOGLE,google_c0,96434,127
2025-04-06,META,meta_c0,253840,253
2025-04-06,META,meta_c1,158770,215
2025-04-06,KAKAO,kakao_c0,72335,149
2025-04-06,KAKAO,kakao_c1,90781,166
2025-04-06,KAKAO,kakao_c2,139682,221
2025-04-07,NAVER,naver_c0,63698,121
2025-04-07,GOOGLE,google_c0,342366,238
2025-04-07,GOOGLE,google_c1,346376,231
2025-04-07,META,meta_c0,107726,162
2025-04-07,META,meta_c1,265407,262
2025-04-07,KAKAO,kakao_c0,175986,240
2025-04-08,NAVER,naver_c0,189894,209
2025-04-08,NAVER,naver_c1,174307,186
2025-04-08,NAVER,naver_c2,168550,195
2025-04-08,GOOGLE,google_c0,208897,180
2025-04-08,META,meta_c0,209331,231
2025-04-08,META,meta_c1,174684,212
2025-04-08,KAKAO,kakao_c0,109876,191
2025-04-09,NAVER,naver_c0,185483,190
2025-04-09,NAVER,naver_c1,170350,194
2025-04-09,NAVER,naver_c2,172794,196
2025-04-09,GOOGLE,google_c0,204202,177
2025-04-09,GOOGLE,google_c1,327506,225
2025-04-09,META,meta_c0,268353,264
2025-04-09,KAKAO,kakao_c0,89798,165
2025-04-10,NAVER,naver_c0,92171,138
2025-04-10,NAVER,naver_c1,168500,177
2025-04-10,GOOGLE,google_c0,312681,219
2025-04-10,GOOGLE,google_c1,161141,165
2025-04-10,GOOGLE,google_c2,243781,191
2025-04-10,META,meta_c0,142625,196
2025-04-10,META,meta_c1,213326,246
2025-04-10,KAKAO,kakao_c0,84811,172
2025-04-11,NAVER,naver_c0,206106,204
2025-04-11,NAVER,naver_c1,131890,176
2025-04-11,NAVER,naver_c2,165849,187
2025-04-11,GOOGLE,google_c0,436837,266
2025-04-11,GOOGLE,google_c1,181989,174
2025-04-11,GOOGLE,google_c2,151527,161
2025-04-11,META,meta_c0,161803,204
2025-04-11,KAKAO,kakao_c0,105883,186
2025-04-11,KAKAO,kakao_c1,67410,151
2025-04-11,KAKAO,kakao_c2,31937,100
2025-04-12,NAVER,naver_c0,136337,169
2025-04-12,NAVER,naver_c1,88599,138
2025-04-12,GOOGLE,google_c0,234987,190
2025-04-12,GOOGLE,google_c1,136098,141
2025-04-12,META,meta_c0,135743,189
2025-04-12,KAKAO,kakao_c0,135399,214
2025-04-12,KAKAO,kakao_c1,152013,220
2025-04-13,NAVER,naver_c0,201026,203
2025-04-13,NAVER,naver_c1,206198,205
2025-04-13,GOOGLE,google_c0,349637,237
2025-04-13,GOOGLE,google_c1,309702,222
2025-04-13,META,meta_c0,215536,236
2025-04-13,META,meta_c1,266013,259
2025-04-13,KAKAO,kakao_c0,157856,223
2025-04-13,KAKAO,kakao_c1,132846,205
2025-04-13,KAKAO,kakao_c2,91778,181
2025-04-14,NAVER,naver_c0,86139,127
2025-04-14,NAVER,naver_c1,134139,174
2025-04-14,NAVER,naver_c2,160338,183
2025-04-14,GOOGLE,google_c0,166533,161
2025-04-14,GOOGLE,google_c1,305957,224
2025-04-14,META,meta_c0,240233,247
2025-04-14,META,meta_c1,131886,182
2025-04-14,META,meta_c2,182435,202
2025-04-14,KAKAO,kakao_c0,119956,195
2025-04-14,KAKAO,kakao_c1,85369,156
2025-04-14,KAKAO,kakao_c2,149329,216
2025-04-15,NAVER,naver_c0,220516,204
2025-04-15,NAVER,naver_c1,190608,190
2025-04-15,NAVER,naver_c2,146873,168
2025-04-15,GOOGLE,google_c0,249890,198
2025-04-15,GOOGLE,google_c1,260319,195
2025-04-15,GOOGLE,google_c2,226955,185
2025-04-15,META,meta_c0,166489,201
2025-04-15,KAKAO,kakao_c0,81138,156
2025-04-15,KAKAO,kakao_c1,79641,165
2025-04-16,NAVER,naver_c0,172498,179
2025-04-16,NAVER,naver_c1,259538,222
2025-04-16,GOOGLE,google_c0,242763,188
2025-04-16,GOOGLE,google_c1,275495,206
2025-04-16,META,meta_c0,339955,279
2025-04-16,META,meta_c1,246270,236
2025-04-16,META,meta_c2,321140,274
2025-04-16,KAKAO,kakao_c0,98060,174
2025-04-16,KAKAO,kakao_c1,141845,198
2025-04-17,NAVER,naver_c0,80254,121
2025-04-17,NAVER,naver_c1,144931,160
2025-04-17,NAVER,naver_c2,115777,143
2025-04-17,GOOGLE,google_c0,187800,164
2025-04-17,GOOGLE,google_c1,376329,218
2025-04-17,META,meta_c0,172122,201
2025-04-17,META,meta_c1,136549,176
2025-04-17,META,meta_c2,130694,176
2025-04-17,KAKAO,kakao_c0,103309,170
2025-04-17,KAKAO,kakao_c1,112340,177
2025-04-18,NAVER,naver_c0,179787,178
2025-04-18,NAVER,naver_c1,142296,162
2025-04-18,NAVER,naver_c2,210925,186
2025-04-18,GOOGLE,google_c0,184910,164
2025-04-18,GOOGLE,google_c1,368238,217
2025-04-18,META,meta_c0,157495,183
2025-04-18,META,meta_c1,94396,144
2025-04-18,KAKAO,kakao_c0,57327,119
2025-04-18,KAKAO,kakao_c1,130537,185
2025-04-18,KAKAO,kakao_c2,97618,166
2025-04-19,NAVER,naver_c0,133149,149
2025-04-19,NAVER,naver_c1,108730,143
2025-04-19,GOOGLE,google_c0,304162,191
2025-04-19,META,meta_c0,247570,231
2025-04-19,KAKAO,kakao_c0,160972,212
2025-04-19,KAKAO,kakao_c1,82023,146
2025-04-20,NAVER,naver_c0,162473,162
2025-04-20,NAVER,naver_c1,285174,214
2025-04-20,GOOGLE,google_c0,75562,93
2025-04-20,GOOGLE,google_c1,259362,172
2025-04-20,META,meta_c0,175624,190
2025-04-20,META,meta_c1,188977,191
2025-04-20,KAKAO,kakao_c0,126256,175
2025-04-21,NAVER,naver_c0,81017,107
2025-04-21,NAVER,naver_c1,182589,159
2025-04-21,GOOGLE,google_c0,244069,173
2025-04-21,GOOGLE,google_c1,218574,161
2025-04-21,META,meta_c0,287352,241
2025-04-21,KAKAO,kakao_c0,107850,152
2025-04-22,NAVER,naver_c0,198835,179
2025-04-22,GOOGLE,google_c0,274718,182
2025-04-22,META,meta_c0,187374,186
2025-04-22,KAKAO,kakao_c0,114103,154
2025-04-23,NAVER,naver_c0,216127,168
2025-04-23,GOOGLE,google_c0,137055,123
2025-04-23,GOOGLE,google_c1,195474,133
2025-04-23,META,meta_c0,210373,191
2025-04-23,META,meta_c1,340896,247
2025-04-23,KAKAO,kakao_c0,74886,129
2025-04-24,NAVER,naver_c0,111915,125
2025-04-24,GOOGLE,google_c0,203817,143
2025-04-24,GOOGLE,google_c1,389079,205
2025-04-24,META,meta_c0,235254,203
2025-04-24,META,meta_c1,297106,225
2025-04-24,META,meta_c2,323701,230
2025-04-24,KAKAO,kakao_c0,91499,132
2025-04-24,KAKAO,kakao_c1,88541,139
2025-04-24,KAKAO,kakao_c2,148375,174
2025-04-25,NAVER,naver_c0,132039,127
2025-04-25,GOOGLE,google_c0,150885,123
2025-04-25,META,meta_c0,207370,185
2025-04-25,META,meta_c1,156150,155
2025-04-25,META,meta_c2,107713,142
2025-04-25,KAKAO,kakao_c0,55268,114
2025-04-25,KAKAO,kakao_c1,120005,154
2025-04-25,KAKAO,kakao_c2,61431,117
2025-04-26,NAVER,naver_c0,103299,112
2025-04-26,GOOGLE,google_c0,337635,182
2025-04-26,GOOGLE,google_c1,416663,197
2025-04-26,META,meta_c0,116605,147
2025-04-26,KAKAO,kakao_c0,75655,111
2025-04-26,KAKAO,kakao_c1,95808,136
2025-04-26,KAKAO,kakao_c2,163852,178
2025-04-27,NAVER,naver_c0,179672,156
2025-04-27,NAVER,naver_c1,146839,139
2025-04-27,NAVER,naver_c2,175904,145
2025-04-27,GOOGLE,google_c0,256463,155
2025-04-27,GOOGLE,google_c1,173665,133
2025-04-27,META,meta_c0,278078,212
2025-04-27,META,meta_c1,193797,169
2025-04-27,KAKAO,kakao_c0,92452,135
2025-04-27,KAKAO,kakao_c1,124769,156
2025-04-27,KAKAO,kakao_c2,133071,156
2025-04-28,NAVER,naver_c0,71583,96
2025-04-28,GOOGLE,google_c0,262765,153
2025-04-28,META,meta_c0,246102,179
2025-04-28,META,meta_c1,202659,168
2025-04-28,KAKAO,kakao_c0,135555,171
2025-04-28,KAKAO,kakao_c1,82716,124
2025-04-28,KAKAO,kakao_c2,91632,132
2025-04-29,NAVER,naver_c0,214360,154
2025-04-29,GOOGLE,google_c0,380970,180
2025-04-29,GOOGLE,google_c1,273091,162
2025-04-29,META,meta_c0,137428,139
2025-04-29,KAKAO,kakao_c0,84589,124
2025-04-29,KAKAO,kakao_c1,138232,153
2025-04-29,KAKAO,kakao_c2,115557,149
2025-04-30,NAVER,naver_c0,173315,149
2025-04-30,NAVER,naver_c1,174390,147
2025-04-30,NAVER,naver_c2,178177,153
2025-04-30,GOOGLE,google_c0,91683,97
2025-04-30,GOOGLE,google_c1,228247,141
2025-04-30,GOOGLE,google_c2,169210,113
2025-04-30,META,meta_c0,154180,153
2025-04-30,META,meta_c1,101849,129
2025-04-30,META,meta_c2,218129,178
2025-04-30,KAKAO,kakao_c0,76353,114
